Timestamp,Class,Confidence,Pos_X,Pos_Y,Altitude_M,Snapshot_File
20260909_132729_393,person,0.45,0.38,-0.20,12.85,person_20260909_132729_393.jpg
20260909_132732_891,person,0.56,2.10,-0.88,13.26,person_20260909_132732_891.jpg
20260909_132734_401,car,0.62,3.50,-0.91,13.33,car_20260909_132734_401.jpg
20260909_132736_099,car,0.49,5.52,-0.90,13.23,car_20260909_132736_099.jpg
20260909_132737_760,car,0.58,7.68,-0.87,13.15,car_20260909_132737_760.jpg
20260909_132739_450,car,0.68,10.12,-0.80,13.12,car_20260909_132739_450.jpg
20260909_132741_111,car,0.59,12.56,-0.73,13.11,car_20260909_132741_111.jpg
20260909_132742_735,car,0.62,15.01,-0.64,13.10,car_20260909_132742_735.jpg
20260909_132744_413,car,0.51,17.48,-0.54,13.10,car_20260909_132744_413.jpg
20260909_132746_079,car,0.79,19.97,-0.43,13.09,car_20260909_132746_079.jpg
20260909_132747_838,car,0.70,22.54,-0.31,13.09,car_20260909_132747_838.jpg
20260909_132749_656,car,0.58,25.16,-0.17,13.04,car_20260909_132749_656.jpg
20260909_132752_859,car,0.71,25.95,-0.17,13.02,car_20260909_132752_859.jpg
20260909_132754_394,car,0.67,26.77,-0.10,13.10,car_20260909_132754_394.jpg
20260909_132757_593,car,0.53,28.09,-0.06,13.03,car_20260909_132757_593.jpg
20260909_132801_841,car,0.69,28.69,-0.04,13.15,car_20260909_132801_841.jpg
20260909_132806_576,car,0.46,29.25,0.04,13.25,car_20260909_132806_576.jpg
20260909_132815_583,car,0.62,31.62,3.17,14.58,car_20260909_132815_583.jpg
20260909_132817_116,car,0.51,31.87,4.42,14.53,car_20260909_132817_116.jpg
20260909_132819_510,car,0.54,31.72,7.81,14.49,car_20260909_132819_510.jpg
20260909_132825_287,car,0.56,31.09,11.42,14.42,car_20260909_132825_287.jpg
20260909_132844_460,car,0.49,30.78,18.84,14.31,car_20260909_132844_460.jpg
20260909_132848_151,car,0.47,30.81,20.94,14.22,car_20260909_132848_151.jpg
20260909_132854_062,car,0.51,30.84,23.56,14.08,car_20260909_132854_062.jpg
20260909_132857_494,car,0.48,30.86,24.43,14.05,car_20260909_132857_494.jpg
20260909_132859_892,car,0.58,30.05,25.13,13.99,car_20260909_132859_892.jpg
20260909_132901_517,car,0.51,29.51,26.04,13.92,car_20260909_132901_517.jpg
20260909_132903_620,car,0.53,28.69,27.36,13.88,car_20260909_132903_620.jpg
20260909_132906_012,car,0.48,27.39,29.82,13.80,car_20260909_132906_012.jpg
20260909_132907_615,car,0.54,26.46,31.68,13.73,car_20260909_132907_615.jpg
20260909_132909_230,car,0.73,25.44,33.78,13.71,car_20260909_132909_230.jpg
20260909_132910_853,car,0.84,24.39,35.97,13.70,car_20260909_132910_853.jpg
20260909_132912_417,car,0.49,23.38,38.09,13.69,car_20260909_132912_417.jpg
20260909_140812_434,car,0.65,20.30,35.45,12.72,car_20260909_140812_434.jpg
20260909_140814_040,car,0.58,20.33,34.08,12.77,car_20260909_140814_040.jpg
20260909_140815_723,car,0.61,20.38,33.36,12.73,car_20260909_140815_723.jpg
20260909_140817_502,car,0.71,20.51,32.83,12.71,car_20260909_140817_502.jpg
20260909_140820_354,car,0.47,20.71,31.74,12.68,car_20260909_140820_354.jpg
20260909_140822_879,car,0.53,20.93,30.59,12.63,car_20260909_140822_879.jpg
20260909_140824_769,car,0.64,21.13,29.38,12.54,car_20260909_140824_769.jpg
20260909_140826_473,car,0.64,21.35,27.45,12.40,car_20260909_140826_473.jpg
20260909_140828_087,car,0.55,21.53,25.70,12.34,car_20260909_140828_087.jpg
20260909_140829_993,car,0.76,21.76,23.46,12.20,car_20260909_140829_993.jpg
20260909_140831_515,car,0.66,21.91,21.98,12.09,car_20260909_140831_515.jpg
20260909_140833_883,car,0.61,22.14,19.72,11.91,car_20260909_140833_883.jpg
20260909_140835_649,car,0.65,22.27,18.60,11.85,car_20260909_140835_649.jpg
20260909_140837_425,car,0.56,22.38,17.66,11.78,car_20260909_140837_425.jpg
20260909_140839_462,car,0.46,22.50,16.75,11.73,car_20260909_140839_462.jpg
20260909_140841_208,car,0.60,22.62,16.03,11.69,car_20260909_140841_208.jpg
20260909_140842_847,car,0.63,22.74,14.95,11.62,car_20260909_140842_847.jpg
20260909_140844_514,car,0.74,22.83,14.10,11.55,car_20260909_140844_514.jpg
20260909_140933_721,car,0.53,24.17,11.29,12.51,car_20260909_140933_721.jpg
20260909_141006_660,person,0.47,24.49,10.23,13.44,person_20260909_141006_660.jpg
20260909_141010_816,car,0.46,24.93,10.04,13.58,car_20260909_141010_816.jpg
20260909_141019_612,car,0.68,26.94,7.88,14.26,car_20260909_141019_612.jpg
20260909_141022_098,car,0.52,27.67,7.18,14.26,car_20260909_141022_098.jpg
20260909_141033_406,person,0.63,30.86,3.42,13.47,person_20260909_141033_406.jpg
20260909_141035_176,car,0.46,30.03,4.79,13.36,car_20260909_141035_176.jpg
20260909_141040_239,car,0.63,28.24,6.37,13.23,car_20260909_141040_239.jpg
20260909_141042_071,car,0.60,28.06,7.44,13.26,car_20260909_141042_071.jpg
20260909_141043_706,car,0.72,27.90,8.87,13.14,car_20260909_141043_706.jpg
20260909_141046_799,car,0.65,27.55,11.81,13.07,car_20260909_141046_799.jpg
20260909_141048_785,car,0.63,27.26,13.96,13.04,car_20260909_141048_785.jpg
20260909_141052_716,car,0.48,26.93,16.61,12.95,car_20260909_141052_716.jpg
20260909_141055_172,car,0.55,26.83,17.84,12.91,car_20260909_141055_172.jpg
20260909_141058_241,car,0.52,26.77,19.67,12.86,car_20260909_141058_241.jpg
20260909_141059_903,car,0.48,26.77,20.76,12.77,car_20260909_141059_903.jpg
20260909_141101_856,car,0.52,26.81,22.18,12.67,car_20260909_141101_856.jpg
20260909_141103_817,car,0.54,26.87,24.11,12.57,car_20260909_141103_817.jpg
20260909_141107_250,car,0.48,26.95,26.53,12.47,car_20260909_141107_250.jpg
20260909_141110_761,car,0.48,27.07,27.89,12.38,car_20260909_141110_761.jpg
20260909_141112_937,car,0.57,27.13,29.00,12.32,car_20260909_141112_937.jpg
20260909_141117_221,car,0.48,27.20,32.39,12.15,car_20260909_141117_221.jpg
20260909_141118_924,car,0.54,27.17,34.15,12.08,car_20260909_141118_924.jpg
20260909_141120_622,car,0.48,27.08,36.35,12.02,car_20260909_141120_622.jpg
20260909_141122_441,car,0.48,26.92,38.59,11.97,car_20260909_141122_441.jpg
20260909_141124_267,car,0.61,26.76,40.07,11.86,car_20260909_141124_267.jpg
20260909_141126_003,car,0.69,26.58,41.53,11.76,car_20260909_141126_003.jpg
20260909_141127_740,car,0.47,26.26,43.85,11.74,car_20260909_141127_740.jpg
20260909_141133_810,car,0.48,26.48,41.80,11.91,car_20260909_141133_810.jpg
20260909_141135_358,car,0.60,27.17,38.84,11.86,car_20260909_141135_358.jpg
20260909_141136_915,car,0.54,27.87,36.66,11.77,car_20260909_141136_915.jpg
20260909_141139_521,car,0.51,29.12,33.38,11.70,car_20260909_141139_521.jpg
20260909_141143_351,car,0.47,30.56,31.30,11.66,car_20260909_141143_351.jpg
20260909_141146_653,car,0.59,31.58,29.83,11.57,car_20260909_141146_653.jpg
20260909_141148_767,car,0.66,32.29,28.33,11.51,car_20260909_141148_767.jpg
20260909_141151_430,car,0.56,33.09,26.65,11.36,car_20260909_141151_430.jpg
20260909_141153_465,car,0.58,33.78,25.23,11.29,car_20260909_141153_465.jpg
20260909_141155_219,car,0.72,34.67,23.22,11.27,car_20260909_141155_219.jpg
20260909_141157_074,car,0.72,35.74,20.77,11.14,car_20260909_141157_074.jpg
20260909_141159_113,person,0.48,37.00,18.02,11.05,person_20260909_141159_113.jpg
20260909_141200_896,car,0.47,37.84,16.39,10.96,car_20260909_141200_896.jpg
20260909_141207_712,car,0.52,35.48,19.10,11.03,car_20260909_141207_712.jpg
20260909_141212_954,car,0.55,32.40,21.76,11.03,car_20260909_141212_954.jpg
20260909_141217_964,person,0.47,31.72,22.17,11.02,person_20260909_141217_964.jpg
20260909_141223_477,car,0.46,30.42,22.52,11.01,car_20260909_141223_477.jpg
20260909_141225_223,car,0.55,28.07,22.74,11.08,car_20260909_141225_223.jpg
20260909_141228_109,car,0.58,26.21,22.76,10.98,car_20260909_141228_109.jpg
20260909_141230_543,car,0.64,25.56,22.76,10.95,car_20260909_141230_543.jpg
20260909_141232_722,car,0.68,23.37,22.76,10.83,car_20260909_141232_722.jpg
20260909_141237_480,car,0.56,19.74,22.80,10.70,car_20260909_141237_480.jpg
20260909_141239_092,car,0.46,18.15,22.81,10.64,car_20260909_141239_092.jpg
20260909_141240_788,car,0.47,17.18,22.82,10.59,car_20260909_141240_788.jpg
20260909_141243_267,car,0.52,15.92,22.83,10.59,car_20260909_141243_267.jpg
20260909_141257_199,car,0.50,13.42,23.81,11.39,car_20260909_141257_199.jpg
20260909_141300_792,car,0.47,12.02,24.79,13.01,car_20260909_141300_792.jpg
20260909_141319_120,car,0.47,7.12,25.09,13.43,car_20260909_141319_120.jpg
20260909_141327_326,truck,0.45,4.42,25.06,13.29,truck_20260909_141327_326.jpg
20260909_141331_324,truck,0.53,3.77,25.06,13.28,truck_20260909_141331_324.jpg
20260909_141338_480,bird,0.50,1.41,25.03,12.86,bird_20260909_141338_480.jpg
20260909_141400_668,car,0.53,0.88,0.26,12.97,car_20260909_141400_668.jpg
20260909_141402_208,car,0.68,2.99,0.09,12.98,car_20260909_141402_208.jpg
20260909_141403_787,car,0.49,4.24,0.82,12.93,car_20260909_141403_787.jpg
20260909_141410_963,car,0.47,6.42,-3.45,19.18,car_20260909_141410_963.jpg
20260909_141423_706,car,0.46,11.45,-1.92,18.26,car_20260909_141423_706.jpg
20260909_141428_836,car,0.51,13.49,-1.80,18.17,car_20260909_141428_836.jpg
20260909_141430_860,car,0.56,15.04,-1.65,18.16,car_20260909_141430_860.jpg
20260909_141437_399,car,0.58,16.26,-1.61,17.89,car_20260909_141437_399.jpg
20260909_141442_926,car,0.55,16.78,-1.61,17.85,car_20260909_141442_926.jpg
20260909_141447_661,car,0.55,17.12,-1.59,17.88,car_20260909_141447_661.jpg
20260909_141451_080,car,0.47,17.88,-1.56,17.80,car_20260909_141451_080.jpg
20260909_141456_590,car,0.51,19.08,-1.44,17.87,car_20260909_141456_590.jpg
20260909_141500_899,car,0.51,19.48,-1.40,17.66,car_20260909_141500_899.jpg
20260909_141504_071,car,0.50,21.65,-1.18,17.37,car_20260909_141504_071.jpg
20260909_141509_159,car,0.61,22.30,-1.16,17.12,car_20260909_141509_159.jpg
20260909_141517_140,car,0.58,23.47,-1.06,16.13,car_20260909_141517_140.jpg
20260909_141521_828,car,0.55,25.07,-0.84,15.64,car_20260909_141521_828.jpg
20260909_141525_450,car,0.48,25.58,-0.82,15.54,car_20260909_141525_450.jpg
20260909_141529_740,car,0.73,25.97,-0.77,15.05,car_20260909_141529_740.jpg
20260909_141533_262,car,0.58,26.46,-0.76,14.66,car_20260909_141533_262.jpg
20260909_141538_102,car,0.56,27.35,-0.67,14.40,car_20260909_141538_102.jpg
20260909_141543_293,car,0.57,28.40,0.59,14.01,car_20260909_141543_293.jpg
20260909_141546_188,car,0.53,28.24,4.40,13.93,car_20260909_141546_188.jpg
20260909_141547_718,car,0.52,27.74,6.29,13.87,car_20260909_141547_718.jpg
20260909_141551_268,car,0.61,26.52,9.45,13.78,car_20260909_141551_268.jpg
20260909_141556_356,car,0.58,24.89,11.79,13.73,car_20260909_141556_356.jpg
20260909_141558_632,car,0.51,25.54,13.52,13.84,car_20260909_141558_632.jpg
20260909_141600_925,car,0.52,26.64,14.64,13.78,car_20260909_141600_925.jpg
20260909_141606_638,car,0.47,28.97,16.90,13.61,car_20260909_141606_638.jpg
20260909_141609_687,car,0.62,29.91,17.38,13.63,car_20260909_141609_687.jpg
20260909_141613_336,car,0.46,30.73,17.54,13.62,car_20260909_141613_336.jpg
20260909_141618_627,car,0.63,31.51,17.56,13.66,car_20260909_141618_627.jpg
20260909_141627_681,person,0.51,34.19,19.34,13.62,person_20260909_141627_681.jpg
20260909_141634_295,car,0.54,34.16,21.15,13.48,car_20260909_141634_295.jpg
20260909_141635_955,car,0.56,33.17,21.83,13.44,car_20260909_141635_955.jpg
20260909_141642_071,car,0.53,30.34,22.98,13.37,car_20260909_141642_071.jpg
20260909_141645_125,car,0.71,29.36,23.18,13.31,car_20260909_141645_125.jpg
20260909_141646_735,car,0.53,28.54,23.66,13.34,car_20260909_141646_735.jpg
20260909_141648_638,car,0.53,26.50,24.91,13.26,car_20260909_141648_638.jpg
20260909_141650_235,car,0.69,24.82,25.96,13.19,car_20260909_141650_235.jpg
20260909_141651_823,car,0.53,23.15,27.11,13.14,car_20260909_141651_823.jpg
20260909_141653_466,car,0.60,21.25,28.57,13.13,car_20260909_141653_466.jpg
20260909_141701_265,car,0.64,20.01,31.30,16.57,car_20260909_141701_265.jpg
20260909_141706_806,car,0.68,22.01,30.76,16.52,car_20260909_141706_806.jpg
20260909_141708_499,car,0.53,24.53,28.93,16.23,car_20260909_141708_499.jpg
20260909_141710_336,car,0.68,26.48,26.92,16.18,car_20260909_141710_336.jpg
20260909_141712_955,car,0.69,29.05,24.15,16.06,car_20260909_141712_955.jpg
20260909_141714_721,car,0.77,30.16,23.06,15.95,car_20260909_141714_721.jpg
20260909_141716_363,car,0.68,31.09,22.15,15.84,car_20260909_141716_363.jpg
20260909_141719_843,car,0.70,31.80,22.08,15.81,car_20260909_141719_843.jpg
20260909_141725_869,car,0.57,31.40,23.64,13.69,car_20260909_141725_869.jpg
20260909_141728_960,car,0.58,30.03,25.20,13.69,car_20260909_141728_960.jpg
20260909_141734_107,car,0.46,27.91,27.02,13.59,car_20260909_141734_107.jpg
20260909_141736_448,car,0.72,26.84,28.26,13.52,car_20260909_141736_448.jpg
20260909_141738_721,car,0.55,25.59,29.84,13.45,car_20260909_141738_721.jpg
20260909_141740_360,car,0.64,24.46,31.46,13.37,car_20260909_141740_360.jpg
20260909_141742_095,car,0.65,23.08,33.56,13.31,car_20260909_141742_095.jpg
20260909_141743_888,car,0.77,21.72,35.73,13.21,car_20260909_141743_888.jpg
20260909_141745_653,car,0.63,20.37,37.94,13.17,car_20260909_141745_653.jpg
20260909_141747_756,car,0.82,19.18,39.50,13.14,car_20260909_141747_756.jpg
20260909_141749_381,car,0.56,18.49,40.24,13.05,car_20260909_141749_381.jpg
20260909_141902_033,car,0.49,21.70,36.28,20.21,car_20260909_141902_033.jpg
20260909_141904_147,car,0.61,23.73,33.58,19.74,car_20260909_141904_147.jpg
20260909_141905_934,car,0.55,24.65,32.47,19.62,car_20260909_141905_934.jpg
20260909_141907_752,car,0.67,25.51,31.42,19.51,car_20260909_141907_752.jpg
20260909_141910_254,car,0.62,27.05,29.36,19.37,car_20260909_141910_254.jpg
20260909_141911_956,car,0.73,27.95,28.22,19.26,car_20260909_141911_956.jpg
20260909_141914_280,car,0.66,29.09,26.78,19.11,car_20260909_141914_280.jpg
20260909_141918_183,car,0.66,30.19,26.13,19.03,car_20260909_141918_183.jpg
20260909_141928_701,car,0.48,28.27,25.44,18.47,car_20260909_141928_701.jpg
20260909_141955_429,car,0.56,-1.70,19.01,15.18,car_20260909_141955_429.jpg
20260909_142001_149,car,0.45,-1.22,15.29,14.84,car_20260909_142001_149.jpg
20260909_142018_883,car,0.45,1.85,0.37,13.28,car_20260909_142018_883.jpg
20260909_142021_829,car,0.58,2.76,0.75,13.23,car_20260909_142021_829.jpg
20260909_142023_582,car,0.47,3.58,1.06,13.20,car_20260909_142023_582.jpg
20260909_142025_337,car,0.49,4.38,1.29,13.18,car_20260909_142025_337.jpg
20260909_142030_412,car,0.51,6.03,-1.98,16.87,car_20260909_142030_412.jpg
20260909_142032_940,car,0.51,6.93,-1.37,16.83,car_20260909_142032_940.jpg
20260909_142034_675,car,0.50,7.53,-1.24,16.78,car_20260909_142034_675.jpg
20260909_142040_470,car,0.48,8.42,-2.16,17.57,car_20260909_142040_470.jpg
20260909_142043_454,car,0.66,9.20,-2.05,17.56,car_20260909_142043_454.jpg
20260909_142057_657,car,0.49,10.87,-1.95,17.51,car_20260909_142057_657.jpg
20260909_142059_383,car,0.47,11.30,-1.83,17.47,car_20260909_142059_383.jpg
20260909_142102_160,car,0.53,12.19,-1.64,17.39,car_20260909_142102_160.jpg
20260909_142103_983,car,0.51,12.85,-1.51,17.42,car_20260909_142103_983.jpg
20260909_142109_025,car,0.48,15.17,-1.02,17.21,car_20260909_142109_025.jpg
20260909_142112_204,car,0.46,15.21,-1.14,17.29,car_20260909_142112_204.jpg
20260909_142116_147,car,0.50,17.66,-0.57,17.30,car_20260909_142116_147.jpg
20260909_142120_709,car,0.48,21.20,0.56,17.34,car_20260909_142120_709.jpg
20260909_142122_396,car,0.45,22.77,1.20,17.32,car_20260909_142122_396.jpg
20260909_142124_688,car,0.64,24.30,1.79,17.27,car_20260909_142124_688.jpg
20260909_142128_198,car,0.60,25.35,1.80,17.39,car_20260909_142128_198.jpg
20260909_142130_174,car,0.48,27.01,2.70,17.35,car_20260909_142130_174.jpg
20260909_142132_460,car,0.51,27.88,3.01,17.29,car_20260909_142132_460.jpg
20260909_142138_028,car,0.51,28.71,3.09,17.22,car_20260909_142138_028.jpg
